query,iterations,min,max,avg,median,std_dev
Q1_Inserción_Simple,10,4.2129000003114925,228.09490000008736,27.106759999969654,4.870699999855788,70.62124602523917
Q2_Búsqueda_Por_ID,10,3.076599999985774,74.55140000001848,10.813150000012683,3.6844000001110544,22.401144971000306
Q3_Filtro_y_Agregación,10,3.016000000116037,82.58710000018255,11.29894000009699,3.3848500002022774,25.051881461650165
Q4_JOIN_Simple,10,4.845400000249356,123.22210000002087,17.753339999990203,5.984249999755775,37.07411627068536
Q5_Agregación_Compleja,10,6.451100000049337,111.92130000017642,17.687730000079682,7.1549500000855915,33.118976171445226
Q6_Actualización_Masiva,10,3.4488999999666703,55.19980000008218,8.876750000081302,3.726500000084343,16.27761212724459
Q7_Camino_Grafo_Amigos,10,3.480200000012701,335.95589999958975,37.09812999995847,3.8813500000287604,105.00834734468393
Q8_Eliminación,10,2.834400000210735,38.585499999953754,6.768270000065968,3.1506000000263157,11.184817166702096
